addr,name,size,kind,confidence,source,notes
08000000,RomHeader,C0,header,high,spec,"title BOKTAI3, code U33J, maker A4"
08000350,IwramCode_03000000,110C,overlay,high,"emulator dump","ARM code copied to IWRAM 0x03000000 at boot (hot routines: OAM/DMA/blit helpers)"
0822F248,m4a_SoundMainRAM,400,overlay,high,"emulator dump+disasm","MP2K mixer (SoundMainRAM) copied to IWRAM 0x030035F0; 0x630 stereo buffer offset"
0826456C,gSongTable,,table,high,scan,"MP2K song table: {song*, u16 ms, u16 me}; 1483 entries, entry 0 is a 0-track dummy"
0870A230,gMenuBgTiles,1FE8,gfx-4bpp,high,"notes.txt+coverage","pause/status menu BG tiles (read by tile loader 0x08219F20)"
0870C238,gMenuBgTilemaps,,tilemap,high,"notes.txt+coverage","one 0x200-byte tilemap per menu screen (items 0x0870D578, status 0x0870DD78, config 0x0870DF78)"
089F8F00,gFontAscii8x16,2000,font-4bpp,high,"notes.txt+render","8x16 glyphs for chars 0x20..0x9F; 0xA0+ = accented Latin (A-grave ... e-diaeresis)"
089FAF00,gFontKanji16x16,30000,font-4bpp,high,"notes.txt+render","16x16 glyphs, index = code - 0x8000 for 2-byte codes 0x8000-0x85FF"
08C15880,gMenuTitleSprites,,gfx-4bpp,high,notes.txt,"menu title OBJ graphics (aitemu, suteetasu, ...)"
08D6B1F8,gScriptTextPtrs,9DE0,table,high,notes.txt,"9976 u32 offsets; bit31 = text, else binary record; relative to gScriptText"
08D74DDC,gScriptText,61D7B,text,high,notes.txt,"main script bank (see text/script.jsonl)"
08DD6B95,gEventBytecode,,bytecode,medium,coverage,"event script bytecode (keyword VM, EUC-JP debug labels like ★★★ゲームスタート画面★★★)"
08E8755C,gEventBytecodePtrs,,table,medium,"coverage+scan","pointer table into event bytecode (>=240 entries)"
