addr,name,mode,confidence,source,notes
080001B4,crt0_Init,arm,high,disasm,"Nintendo SDK crt0: set IRQ/SYS stacks, install IntrMain, call AgbMain"
080001F0,IntrMain,arm,high,disasm,"SDK interrupt dispatcher; copied to IWRAM 0x03003A60; table at 0x03003A10"
0800145C,AgbMain,thumb,high,disasm,"Game main entry (pointer at 0x08000344)"
0803223C,Text_FindChar,thumb,medium,raphaelr,"strchr variant used by script parsing"
081DC02C,Menu_EraseRect,thumb,high,raphaelr,"(x, y, w, h) clear UI text area; must be called before overdrawing text"
081DC054,Menu_DrawText,thumb,high,raphaelr,"(x, y, char *text) draw text in the UI"
081DC6D0,Time_ShowRegionMenu,thumb,medium,raphaelr,"region select screen; page number at menu+0x1C"
081DC754,Time_OnRegionListSelect,thumb,medium,raphaelr,
081DC7A0,Time_HandleRegionKeypad,thumb,medium,raphaelr,
081DCA6C,Time_DestroyRegionMenu,thumb,medium,raphaelr,
081DCA9C,Time_LoadRegionList,thumb,medium,raphaelr,
081DCE34,Time_OnLoadSave,thumb,medium,raphaelr,
08215698,Video_GetBackgroundMap,thumb,high,raphaelr,"(int bg) -> EWRAM buffer holding that BG's tilemap"
0821A940,Script_PushCtrlNextKeyword,thumb,medium,raphaelr,
0821A950,Script_PopCtrlNextKeyword,thumb,medium,raphaelr,
0821A960,Script_SetPc,thumb,high,raphaelr,"event bytecode interpreter: set PC, returns PC"
0821A96C,Script_SeekToKeyword,thumb,high,raphaelr,"advance PC to next keyword instruction (char kw)"
0821AABC,Script_ParseStringRef,thumb,high,raphaelr,"u16 string id operand of the current string-ref instruction"
0821AB18,Script_GetPc,thumb,high,raphaelr,
0821AB40,Script_GetValue,thumb,high,raphaelr,"evaluate integer operand at PC"
0821AB88,Script_GetValueSafe,thumb,medium,raphaelr,"Script_GetValue with null-PC checks"
0821ADD4,Text_LookupString,thumb,high,"notes.txt+raphaelr","(int id) -> char*; table 0x08D6B1F8, base 0x08D74DDC, mask 0x7FFFFFFF"
0822A7A8,Time_CalculateSunriseSunsetCore,thumb,medium,raphaelr,
0822AE00,Time_CalculateSunriseSunset,thumb,high,raphaelr,"(lat, lon, tz_offset) compute+store sunrise/sunset"
08248590,CpuFastSet,thumb,high,libagbsyscall,"svc 0x0C"
08248594,CpuSet,thumb,high,libagbsyscall,"svc 0x0B"
08248598,Div,thumb,high,libagbsyscall,"svc 0x06"
0824859C,Mod,thumb,high,libagbsyscall,"svc 0x06, returns remainder"
082485A4,DivArmMod,thumb,medium,libagbsyscall,"svc 0x07 (DivArm), returns remainder"
082485AC,LZ77UnCompWram,thumb,high,libagbsyscall,"svc 0x11"
082485B0,RegisterRamReset,thumb,high,libagbsyscall,"svc 0x01"
082485B4,SoftReset,thumb,high,libagbsyscall,"clears IME, sets SYS stack, RegisterRamReset then SoftReset"
082485D0,SoundBiasReset,thumb,high,libagbsyscall,"svc 0x19 with r0=0"
082485D8,SoundBiasSet,thumb,high,libagbsyscall,"svc 0x19 with r0=1"
082485E0,Sqrt,thumb,high,libagbsyscall,"svc 0x08"
082485E4,VBlankIntrWait,thumb,high,libagbsyscall,"svc 0x05"
08215400,ObjGfx_LoadTiles,thumb,medium,coverage,"reads sprite tile graphics 0x08BF0000-0x08CDxxxx (menu titles, button labels, portraits)"
08216584,BgGfx_LoadTilemap,thumb,medium,coverage,"reads 0x200-byte BG tilemaps (menu screens at 0x0870C238+)"
08218D1C,Text_DrawGlyph,thumb,medium,coverage,"copies 8x16 / 16x16 glyph tiles from the fonts at 0x089F8F00 / 0x089FAF00"
08219F04,BgGfx_LoadTiles,thumb,medium,coverage,"reads BG tile graphics (0x0865xxxx-0x0875xxxx, menu BG 0x0870A230)"
0821A6F0,Script_DecodeOperand,thumb,medium,disasm,"event VM operand decoder (u8/u16/string-ref/text operands; calls Text_LookupString)"
0821ACB4,Script_ReadProcTable,thumb,low,coverage,"heaviest reader of 0x08D5xxxx-0x08D6Bxxx (table preceding the script text bank)"
0822F676,m4a_Unk_0822F676,thumb,medium,coverage,"MP2K: reads voicegroups 0x0825xxxx and track data 0x0858-0x0860"
0822FB18,m4a_Unk_0822FB18,thumb,medium,coverage,"MP2K: reads voicegroups and track data"
0822FDB4,MidiKeyToFreq,thumb,high,pokeemerald m4a.c (agbcc, byte-identical),
0822FE1C,MPlayContinue,thumb,high,pokeemerald m4a.c (agbcc, byte-identical),
0822FE3C,MPlayFadeOut,thumb,high,pokeemerald m4a.c (agbcc, byte-identical),
0822FEE4,m4aSongNumStart,thumb,high,pokeemerald m4a.c (agbcc, byte-identical),
0822FF10,m4aSongNumStartOrChange,thumb,high,pokeemerald m4a.c (agbcc, byte-identical),
0822FF5C,m4aSongNumStartOrContinue,thumb,high,pokeemerald m4a.c (agbcc, byte-identical),
0823007C,m4aMPlayFadeOut,thumb,high,pokeemerald m4a.c (agbcc, byte-identical),
0823008C,m4aMPlayFadeOutTemporarily,thumb,high,pokeemerald m4a.c (agbcc, byte-identical),
082300B0,m4aMPlayFadeIn,thumb,high,pokeemerald m4a.c (agbcc, byte-identical),
08230144,MPlayExtender,thumb,high,pokeemerald m4a.c (agbcc, byte-identical),
08230288,SoundInit,thumb,high,pokeemerald m4a.c (agbcc, byte-identical),
0823064C,MPlayOpen,thumb,high,pokeemerald m4a.c (agbcc, byte-identical),
082307A8,m4aMPlayStop,thumb,high,pokeemerald m4a.c (agbcc, byte-identical),
082308B0,TrkVolPitSet,thumb,high,pokeemerald m4a.c (agbcc, byte-identical),
08230964,MidiKeyToCgbFreq,thumb,high,pokeemerald m4a.c (agbcc, byte-identical),
08230A0C,CgbOscOff,thumb,high,pokeemerald m4a.c (agbcc, byte-identical),
08230F48,m4aMPlayTempoControl,thumb,high,pokeemerald m4a.c (agbcc, byte-identical),
08230F6C,m4aMPlayVolumeControl,thumb,high,pokeemerald m4a.c (agbcc, byte-identical),
082310B0,ClearModM,thumb,high,pokeemerald m4a.c (agbcc, byte-identical),
082311BC,ply_memacc,thumb,high,pokeemerald m4a.c (agbcc, byte-identical),
08231314,ply_xcmd,thumb,high,pokeemerald m4a.c (agbcc, byte-identical),
0822FED8,m4aSoundMain,thumb,high,pokeemerald m4a.c (byte-identical; disambiguated by source order),
0822FFB0,m4aSongNumStop,thumb,high,pokeemerald m4a.c (byte-identical; disambiguated by source order),
08230260,ClearChain,thumb,high,pokeemerald m4a.c (byte-identical; disambiguated by source order),
08230274,Clear64byte,thumb,high,pokeemerald m4a.c (byte-identical; disambiguated by source order),
0822FE60,m4aSoundInit,thumb,medium,position in m4a.c order; differs from pokeemerald version,
08230480,SoundClear,thumb,high,"pokeemerald m4a.c (byte-identical); reached only via pointer tables",
08230FD4,m4aMPlayPitchControl,thumb,high,"pokeemerald m4a.c (byte-identical); reached only via pointer tables",
08231048,m4aMPlayPanpotControl,thumb,high,"pokeemerald m4a.c (byte-identical); reached only via pointer tables",
082310D4,m4aMPlayModDepthSet,thumb,high,"pokeemerald m4a.c (byte-identical); reached only via pointer tables",
08231148,m4aMPlayLFOSpeedSet,thumb,high,"pokeemerald m4a.c (byte-identical); reached only via pointer tables",
08231334,ply_xxx,thumb,high,"pokeemerald m4a.c (byte-identical); reached only via pointer tables",
08231348,ply_xwave,thumb,high,"pokeemerald m4a.c (byte-identical); reached only via pointer tables",
08231390,ply_xtype,thumb,high,"pokeemerald m4a.c (byte-identical); reached only via pointer tables",
082313A4,ply_xatta,thumb,high,"pokeemerald m4a.c (byte-identical); reached only via pointer tables",
082313B8,ply_xdeca,thumb,high,"pokeemerald m4a.c (byte-identical); reached only via pointer tables",
082313CC,ply_xsust,thumb,high,"pokeemerald m4a.c (byte-identical); reached only via pointer tables",
082313E0,ply_xrele,thumb,high,"pokeemerald m4a.c (byte-identical); reached only via pointer tables",
082313F4,ply_xiecv,thumb,high,"pokeemerald m4a.c (byte-identical); reached only via pointer tables",
08231400,ply_xiecl,thumb,high,"pokeemerald m4a.c (byte-identical); reached only via pointer tables",
0823140C,ply_xleng,thumb,high,"pokeemerald m4a.c (byte-identical); reached only via pointer tables",
08231420,ply_xswee,thumb,high,"pokeemerald m4a.c (byte-identical); reached only via pointer tables",
08230044,m4aMPlayContinue,thumb,high,"pokeemerald m4a.c (byte-identical); reached only via pointer tables",
0822FFE4,m4aSongNumContinue,thumb,high,"pokeemerald m4a.c (byte-identical); reached only via pointer tables",
